{"stats":{"minecraft:mined":{"minecraft:short_grass":1,"minecraft:grass_block":1},"minecraft:picked_up":{"minecraft:dirt":3},"minecraft:dropped":{"minecraft:dirt":3},"minecraft:custom":{"minecraft:jump":31,"minecraft:time_since_rest":4153,"minecraft:leave_game":1,"minecraft:play_time":4153,"minecraft:sprint_one_cm":2515,"minecraft:time_since_death":4153,"minecraft:walk_one_cm":1000,"minecraft:sneak_time":3,"minecraft:total_world_time":4153,"minecraft:drop":3,"minecraft:fall_one_cm":209,"minecraft:fly_one_cm":45133}},"DataVersion":3953}