{"stats":{"minecraft:mined":{"minecraft:coarse_dirt":14,"minecraft:short_grass":2,"minecraft:acacia_log":3,"minecraft:grass_block":1,"minecraft:dirt":8},"minecraft:killed_by":{"minecraft:player":1,"minecraft:slime":2},"minecraft:picked_up":{"minecraft:coarse_dirt":12,"minecraft:splash_potion":9,"minecraft:end_stone":8,"minecraft:birch_slab":128,"minecraft:acacia_log":4,"minecraft:wither_rose":128,"minecraft:warden_spawn_egg":1,"minecraft:dirt":11,"minecraft:elytra":3,"minecraft:firework_rocket":60,"minecraft:slime_ball":543,"minecraft:allay_spawn_egg":150,"minecraft:cobblestone":1,"minecraft:sculk_catalyst":15},"minecraft:dropped":{"minecraft:dirt":12,"minecraft:coarse_dirt":11,"minecraft:sculk_catalyst":15,"minecraft:allay_spawn_egg":70,"minecraft:wooden_shovel":1,"minecraft:experience_bottle":16,"minecraft:warden_spawn_egg":1,"minecraft:cobblestone":1,"minecraft:wither_rose":64,"minecraft:slime_ball":53,"minecraft:end_stone":6,"minecraft:bolt_armor_trim_smithing_template":1,"minecraft:grass_block":1,"minecraft:splash_potion":1,"minecraft:birch_slab":64},"minecraft:killed":{"minecraft:chicken":4,"minecraft:salmon":1,"minecraft:allay":51,"minecraft:silverfish":604,"minecraft:slime":967},"minecraft:custom":{"minecraft:time_since_rest":5356,"minecraft:sprint_one_cm":11853,"minecraft:damage_taken":9070,"minecraft:walk_one_cm":50541,"minecraft:mob_kills":1694,"minecraft:drop":43,"minecraft:damage_dealt":448,"minecraft:swim_one_cm":7412,"minecraft:interact_with_crafting_table":2,"minecraft:player_kills":2,"minecraft:fly_one_cm":255223,"minecraft:crouch_one_cm":7577,"minecraft:play_time":45117,"minecraft:deaths":12,"minecraft:walk_under_water_one_cm":10006,"minecraft:sneak_time":3413,"minecraft:aviate_one_cm":150658,"minecraft:jump":234,"minecraft:walk_on_water_one_cm":2105,"minecraft:leave_game":2,"minecraft:time_since_death":5319,"minecraft:total_world_time":45117,"minecraft:fall_one_cm":6359},"minecraft:crafted":{"minecraft:wooden_shovel":1,"minecraft:stick":4,"minecraft:acacia_planks":16},"minecraft:used":{"minecraft:warden_spawn_egg":14,"minecraft:redstone_torch":2,"minecraft:oak_fence":10,"minecraft:ender_eye":11,"minecraft:diorite":8,"minecraft:firework_rocket":5,"minecraft:mace":3,"minecraft:heavy_core":15,"minecraft:command_block":1,"minecraft:grass_block":7,"minecraft:elytra":2,"minecraft:wooden_shovel":20,"minecraft:bedrock":11,"minecraft:end_crystal":6,"minecraft:oak_slab":13,"minecraft:end_portal_frame":10,"minecraft:lingering_potion":91,"minecraft:coarse_dirt":1,"minecraft:allay_spawn_egg":188,"minecraft:splash_potion":1157}},"DataVersion":3953}