{"stats":{"minecraft:mined":{"minecraft:short_grass":1,"minecraft:grass_block":1},"minecraft:picked_up":{"minecraft:end_stone":4,"minecraft:firework_rocket":60,"minecraft:dirt":3,"minecraft:elytra":3},"minecraft:dropped":{"minecraft:dirt":3,"minecraft:end_stone":6},"minecraft:custom":{"minecraft:time_since_rest":6071,"minecraft:sprint_one_cm":4239,"minecraft:crouch_one_cm":114,"minecraft:play_time":16153,"minecraft:walk_one_cm":11657,"minecraft:damage_taken":400,"minecraft:deaths":1,"minecraft:sneak_time":208,"minecraft:drop":9,"minecraft:aviate_one_cm":148520,"minecraft:jump":62,"minecraft:damage_dealt":34,"minecraft:leave_game":1,"minecraft:time_since_death":5973,"minecraft:total_world_time":16153,"minecraft:fall_one_cm":3060,"minecraft:fly_one_cm":110662,"minecraft:player_kills":1},"minecraft:used":{"minecraft:ender_eye":11,"minecraft:firework_rocket":5,"minecraft:end_crystal":6,"minecraft:elytra":2,"minecraft:end_portal_frame":10}},"DataVersion":3953}