{"stats":{"minecraft:mined":{"minecraft:short_grass":1,"minecraft:grass_block":1},"minecraft:killed_by":{"minecraft:player":1,"minecraft:slime":2},"minecraft:picked_up":{"minecraft:splash_potion":5,"minecraft:end_stone":8,"minecraft:birch_slab":128,"minecraft:wither_rose":128,"minecraft:dirt":3,"minecraft:elytra":3,"minecraft:firework_rocket":60,"minecraft:slime_ball":299,"minecraft:allay_spawn_egg":150},"minecraft:dropped":{"minecraft:dirt":4,"minecraft:allay_spawn_egg":70,"minecraft:wither_rose":64,"minecraft:end_stone":6,"minecraft:grass_block":1,"minecraft:splash_potion":1,"minecraft:birch_slab":64},"minecraft:killed":{"minecraft:allay":27,"minecraft:silverfish":417,"minecraft:slime":578},"minecraft:custom":{"minecraft:time_since_rest":1549,"minecraft:sprint_one_cm":7155,"minecraft:damage_taken":8640,"minecraft:walk_one_cm":32410,"minecraft:mob_kills":1084,"minecraft:drop":16,"minecraft:damage_dealt":285,"minecraft:player_kills":1,"minecraft:fly_one_cm":192280,"minecraft:crouch_one_cm":1783,"minecraft:play_time":28153,"minecraft:deaths":8,"minecraft:sneak_time":1000,"minecraft:aviate_one_cm":150658,"minecraft:jump":142,"minecraft:walk_on_water_one_cm":381,"minecraft:leave_game":1,"minecraft:time_since_death":1487,"minecraft:total_world_time":28153,"minecraft:fall_one_cm":3480},"minecraft:used":{"minecraft:oak_fence":10,"minecraft:ender_eye":11,"minecraft:firework_rocket":5,"minecraft:mace":3,"minecraft:grass_block":7,"minecraft:elytra":2,"minecraft:end_crystal":6,"minecraft:oak_slab":13,"minecraft:end_portal_frame":10,"minecraft:allay_spawn_egg":188,"minecraft:splash_potion":490}},"DataVersion":3953}