{"stats":{"minecraft:mined":{"minecraft:short_grass":1,"minecraft:acacia_log":4,"minecraft:coarse_dirt":1,"minecraft:birch_leaves":1,"minecraft:dirt":3,"minecraft:stone":1},"minecraft:killed_by":{"minecraft:player":2},"minecraft:picked_up":{"minecraft:coarse_dirt":1,"minecraft:splash_potion":3,"minecraft:repeater":1,"minecraft:anvil":64,"minecraft:crafter":1,"minecraft:string":1,"minecraft:dirt":21,"minecraft:elytra":2,"minecraft:sticky_piston":1,"minecraft:experience_bottle":16,"minecraft:wheat_seeds":1,"minecraft:netherite_sword":1,"minecraft:bolt_armor_trim_smithing_template":1,"minecraft:sculk_catalyst":24,"minecraft:oak_slab":192,"minecraft:end_stone":5,"minecraft:oak_fence":3,"minecraft:acacia_log":3,"minecraft:oak_pressure_plate":1,"minecraft:diorite":1,"minecraft:grass_block":4,"minecraft:trapped_chest":1,"minecraft:firework_rocket":60,"minecraft:rotten_flesh":2,"minecraft:slime_ball":546,"minecraft:allay_spawn_egg":22,"minecraft:lever":1,"minecraft:cobblestone":13},"minecraft:dropped":{"minecraft:lever":1,"minecraft:oak_pressure_plate":1,"minecraft:sticky_piston":1,"minecraft:crafter":1,"minecraft:diorite":1,"minecraft:sculk_catalyst":23,"minecraft:repeater":1,"minecraft:string":1,"minecraft:trapped_chest":1},"minecraft:killed":{"minecraft:allay":6,"minecraft:ender_dragon":2,"minecraft:slime":533,"minecraft:creeper":1,"minecraft:silverfish":1516,"minecraft:enderman":1},"minecraft:custom":{"minecraft:mob_kills":2077,"minecraft:interact_with_anvil":2,"minecraft:interact_with_crafting_table":2,"minecraft:leave_game":1,"minecraft:time_since_death":388,"minecraft:time_since_rest":415,"minecraft:sprint_one_cm":29105,"minecraft:damage_taken":1909,"minecraft:walk_one_cm":61667,"minecraft:drop":9,"minecraft:damage_dealt":3264,"minecraft:swim_one_cm":7236,"minecraft:fly_one_cm":226629,"minecraft:player_kills":1,"minecraft:crouch_one_cm":4740,"minecraft:play_time":37733,"minecraft:deaths":11,"minecraft:sneak_time":2383,"minecraft:walk_under_water_one_cm":11470,"minecraft:jump":235,"minecraft:aviate_one_cm":15599,"minecraft:walk_on_water_one_cm":1657,"minecraft:total_world_time":37733,"minecraft:fall_one_cm":5765},"minecraft:crafted":{"minecraft:crafting_table":1,"minecraft:wooden_pickaxe":1,"minecraft:stick":4,"minecraft:acacia_planks":12},"minecraft:used":{"minecraft:oak_fence":19,"minecraft:netherite_sword":66,"minecraft:elytra":1,"minecraft:wooden_pickaxe":5,"minecraft:dirt":14,"minecraft:anvil":1,"minecraft:oak_slab":5,"minecraft:crafting_table":1,"minecraft:allay_spawn_egg":92,"minecraft:warden_spawn_egg":26,"minecraft:ender_eye":4,"minecraft:birch_slab":15,"minecraft:command_block":2,"minecraft:bedrock":1,"minecraft:end_crystal":13,"minecraft:wither_rose":4,"minecraft:end_portal_frame":3,"minecraft:sculk_catalyst":5,"minecraft:splash_potion":291,"minecraft:experience_bottle":11}},"DataVersion":3953}