{"stats":{"minecraft:mined":{"minecraft:birch_leaves":1},"minecraft:killed_by":{"minecraft:player":1},"minecraft:picked_up":{"minecraft:end_stone":5,"minecraft:sticky_piston":1,"minecraft:firework_rocket":60,"minecraft:repeater":1,"minecraft:oak_pressure_plate":1,"minecraft:lever":1,"minecraft:crafter":1,"minecraft:trapped_chest":1,"minecraft:string":1,"minecraft:elytra":2},"minecraft:dropped":{"minecraft:crafter":1,"minecraft:lever":1,"minecraft:oak_pressure_plate":1,"minecraft:string":1,"minecraft:trapped_chest":1,"minecraft:repeater":1,"minecraft:sticky_piston":1},"minecraft:killed":{"minecraft:ender_dragon":1,"minecraft:enderman":1},"minecraft:custom":{"minecraft:time_since_rest":5674,"minecraft:crouch_one_cm":693,"minecraft:walk_one_cm":9874,"minecraft:play_time":8992,"minecraft:sprint_one_cm":8600,"minecraft:damage_taken":269,"minecraft:deaths":1,"minecraft:sneak_time":390,"minecraft:mob_kills":2,"minecraft:drop":7,"minecraft:aviate_one_cm":15599,"minecraft:jump":48,"minecraft:damage_dealt":410,"minecraft:time_since_death":5635,"minecraft:total_world_time":8992,"minecraft:fall_one_cm":1465,"minecraft:fly_one_cm":144135},"minecraft:used":{"minecraft:netherite_sword":1,"minecraft:bedrock":1,"minecraft:ender_eye":4,"minecraft:end_crystal":13,"minecraft:elytra":1,"minecraft:end_portal_frame":3}},"DataVersion":3953}