{"stats":{"minecraft:mined":{"minecraft:birch_leaves":1,"minecraft:short_grass":1},"minecraft:killed_by":{"minecraft:player":1},"minecraft:picked_up":{"minecraft:oak_slab":192,"minecraft:splash_potion":3,"minecraft:end_stone":5,"minecraft:repeater":1,"minecraft:anvil":64,"minecraft:oak_fence":3,"minecraft:oak_pressure_plate":1,"minecraft:crafter":1,"minecraft:grass_block":4,"minecraft:trapped_chest":1,"minecraft:dirt":2,"minecraft:string":1,"minecraft:elytra":2,"minecraft:sticky_piston":1,"minecraft:firework_rocket":60,"minecraft:slime_ball":452,"minecraft:allay_spawn_egg":22,"minecraft:wheat_seeds":1,"minecraft:netherite_sword":1,"minecraft:lever":1},"minecraft:dropped":{"minecraft:lever":1,"minecraft:oak_pressure_plate":1,"minecraft:repeater":1,"minecraft:sticky_piston":1,"minecraft:crafter":1,"minecraft:string":1,"minecraft:trapped_chest":1},"minecraft:killed":{"minecraft:allay":1,"minecraft:silverfish":227,"minecraft:ender_dragon":2,"minecraft:slime":130,"minecraft:enderman":1},"minecraft:custom":{"minecraft:time_since_rest":1549,"minecraft:damage_taken":387,"minecraft:sprint_one_cm":16970,"minecraft:walk_one_cm":39823,"minecraft:interact_with_anvil":2,"minecraft:mob_kills":368,"minecraft:drop":7,"minecraft:damage_dealt":1468,"minecraft:player_kills":1,"minecraft:fly_one_cm":185007,"minecraft:crouch_one_cm":2674,"minecraft:play_time":20992,"minecraft:deaths":5,"minecraft:sneak_time":1331,"minecraft:aviate_one_cm":15599,"minecraft:jump":100,"minecraft:time_since_death":1521,"minecraft:total_world_time":20992,"minecraft:fall_one_cm":1465},"minecraft:used":{"minecraft:oak_fence":19,"minecraft:ender_eye":4,"minecraft:netherite_sword":36,"minecraft:birch_slab":15,"minecraft:elytra":1,"minecraft:bedrock":1,"minecraft:dirt":14,"minecraft:anvil":1,"minecraft:end_crystal":13,"minecraft:oak_slab":5,"minecraft:end_portal_frame":3,"minecraft:wither_rose":4,"minecraft:allay_spawn_egg":73,"minecraft:splash_potion":26}},"DataVersion":3953}